<?xml version="1.0" encoding="UTF-8" standalone="no"?>
<manifest xmlns="http://tizen.org/ns/packages" api-version="3.0" package="org.russ.bobtime" version="1.0.1">
    <profile name="wearable"/>
    <widget-application appid="org.russ.bobtime" exec="sundial" main="true" update-period="0">
        <label>Sundial Time</label>
        <icon>icon.png</icon>
        <support-size preview="screenshot.png">2x2</support-size>
    </widget-application>
    <privileges>
        <privilege>http://tizen.org/privilege/location</privilege>
    </privileges>
    <feature name="http://tizen.org/feature/location.gps">true</feature>
</manifest>
